path,case_tag,interface_frac,seed,n_points,u,v,p
results/rbf_baseline/naca_re10k/frac_0.2/seed_42/metrics.npz,naca_re10k,0.2,42.0,200.0,5.160995693936906,20.246090231444217,65.55994002241682
results/rbf_baseline/naca_re10k/frac_0.2/seed_456/metrics.npz,naca_re10k,0.2,456.0,200.0,5.160995693936906,20.246090231444217,65.55994002241682
results/rbf_baseline/naca_re10k/frac_0.2/seed_123/metrics.npz,naca_re10k,0.2,123.0,200.0,5.160995693936906,20.246090231444217,65.55994002241682
results/rbf_baseline/naca_re10k/frac_0.0/seed_42/metrics.npz,naca_re10k,0.0,42.0,200.0,4.059228907597209,23.310921044730634,35.237342909152005
results/rbf_baseline/naca_re10k/frac_0.0/seed_456/metrics.npz,naca_re10k,0.0,456.0,200.0,4.059228907597209,23.310921044730634,35.237342909152005
results/rbf_baseline/naca_re10k/frac_0.0/seed_123/metrics.npz,naca_re10k,0.0,123.0,200.0,4.059228907597209,23.310921044730634,35.237342909152005
results/rbf_baseline/naca_re10k/frac_0.4/seed_42/metrics.npz,naca_re10k,0.4,42.0,200.0,4.401789642416727,16.600043990553782,29.381282053517698
results/rbf_baseline/naca_re10k/frac_0.4/seed_456/metrics.npz,naca_re10k,0.4,456.0,200.0,4.401789642416727,16.600043990553782,29.381282053517698
results/rbf_baseline/naca_re10k/frac_0.4/seed_123/metrics.npz,naca_re10k,0.4,123.0,200.0,4.401789642416727,16.600043990553782,29.381282053517698
results/rbf_baseline/naca_re10k/frac_0.5/seed_42/metrics.npz,naca_re10k,0.5,42.0,200.0,3.3495592183869585,30.214200166549137,36.34489400464798
results/rbf_baseline/naca_re10k/frac_0.5/seed_456/metrics.npz,naca_re10k,0.5,456.0,200.0,3.3495592183869585,30.214200166549137,36.34489400464798
results/rbf_baseline/naca_re10k/frac_0.5/seed_123/metrics.npz,naca_re10k,0.5,123.0,200.0,3.3495592183869585,30.214200166549137,36.34489400464798
results/rbf_baseline/naca_re10k/frac_0.3/seed_42/metrics.npz,naca_re10k,0.3,42.0,200.0,4.500547030742409,17.294445015434853,35.62768183840799
results/rbf_baseline/naca_re10k/frac_0.3/seed_456/metrics.npz,naca_re10k,0.3,456.0,200.0,4.500547030742409,17.294445015434853,35.62768183840799
results/rbf_baseline/naca_re10k/frac_0.3/seed_123/metrics.npz,naca_re10k,0.3,123.0,200.0,4.500547030742409,17.294445015434853,35.62768183840799
results/rbf_baseline/naca_re10k/frac_0.1/seed_42/metrics.npz,naca_re10k,0.1,42.0,200.0,4.743833964235443,14.52269466499513,25.27978811012771
results/rbf_baseline/naca_re10k/frac_0.1/seed_456/metrics.npz,naca_re10k,0.1,456.0,200.0,4.743833964235443,14.52269466499513,25.27978811012771
results/rbf_baseline/naca_re10k/frac_0.1/seed_123/metrics.npz,naca_re10k,0.1,123.0,200.0,4.743833964235443,14.52269466499513,25.27978811012771
results/rbf_baseline/fsi1/frac_0.2/seed_42/metrics.npz,fsi1,0.2,42.0,200.0,24.99034733674293,50.291779882058954,15.436546897560374
results/rbf_baseline/fsi1/frac_0.2/seed_456/metrics.npz,fsi1,0.2,456.0,200.0,24.99034733674293,50.291779882058954,15.436546897560374
results/rbf_baseline/fsi1/frac_0.2/seed_123/metrics.npz,fsi1,0.2,123.0,200.0,24.99034733674293,50.291779882058954,15.436546897560374
results/rbf_baseline/fsi1/frac_0.0/seed_42/metrics.npz,fsi1,0.0,42.0,200.0,37.307840808287025,59.33064048551216,24.193423410007014
results/rbf_baseline/fsi1/frac_0.0/seed_456/metrics.npz,fsi1,0.0,456.0,200.0,37.307840808287025,59.33064048551216,24.193423410007014
results/rbf_baseline/fsi1/frac_0.0/seed_123/metrics.npz,fsi1,0.0,123.0,200.0,37.307840808287025,59.33064048551216,24.193423410007014
results/rbf_baseline/fsi1/frac_0.4/seed_42/metrics.npz,fsi1,0.4,42.0,200.0,24.3169185880145,65.59880680336818,20.36074426354248
results/rbf_baseline/fsi1/frac_0.4/seed_456/metrics.npz,fsi1,0.4,456.0,200.0,24.3169185880145,65.59880680336818,20.36074426354248
results/rbf_baseline/fsi1/frac_0.4/seed_123/metrics.npz,fsi1,0.4,123.0,200.0,24.3169185880145,65.59880680336818,20.36074426354248
results/rbf_baseline/fsi1/frac_0.5/seed_42/metrics.npz,fsi1,0.5,42.0,200.0,20.680803417207226,42.973759196211844,13.754787948770089
results/rbf_baseline/fsi1/frac_0.5/seed_456/metrics.npz,fsi1,0.5,456.0,200.0,20.680803417207226,42.973759196211844,13.754787948770089
results/rbf_baseline/fsi1/frac_0.5/seed_123/metrics.npz,fsi1,0.5,123.0,200.0,20.680803417207226,42.973759196211844,13.754787948770089
results/rbf_baseline/fsi1/frac_0.3/seed_42/metrics.npz,fsi1,0.3,42.0,200.0,25.640914059341718,66.10275980247931,16.850401709303043
results/rbf_baseline/fsi1/frac_0.3/seed_456/metrics.npz,fsi1,0.3,456.0,200.0,25.640914059341718,66.10275980247931,16.850401709303043
results/rbf_baseline/fsi1/frac_0.3/seed_123/metrics.npz,fsi1,0.3,123.0,200.0,25.640914059341718,66.10275980247931,16.850401709303043
results/rbf_baseline/fsi1/frac_0.1/seed_42/metrics.npz,fsi1,0.1,42.0,200.0,23.992419787780943,50.694833624785005,13.126929003816432
results/rbf_baseline/fsi1/frac_0.1/seed_456/metrics.npz,fsi1,0.1,456.0,200.0,23.992419787780943,50.694833624785005,13.126929003816432
results/rbf_baseline/fsi1/frac_0.1/seed_123/metrics.npz,fsi1,0.1,123.0,200.0,23.992419787780943,50.694833624785005,13.126929003816432
results/rbf_baseline/naca_re1k/frac_0.2/seed_42/metrics.npz,naca_re1k,0.2,42.0,200.0,7.054711002614648,22.706574831219445,16.786714095926488
results/rbf_baseline/naca_re1k/frac_0.2/seed_456/metrics.npz,naca_re1k,0.2,456.0,200.0,7.054711002614648,22.706574831219445,16.786714095926488
results/rbf_baseline/naca_re1k/frac_0.2/seed_123/metrics.npz,naca_re1k,0.2,123.0,200.0,7.054711002614648,22.706574831219445,16.786714095926488
results/rbf_baseline/naca_re1k/frac_0.0/seed_42/metrics.npz,naca_re1k,0.0,42.0,200.0,7.148004836346092,24.625328254519083,8.305908554549939
results/rbf_baseline/naca_re1k/frac_0.0/seed_456/metrics.npz,naca_re1k,0.0,456.0,200.0,7.148004836346092,24.625328254519083,8.305908554549939
results/rbf_baseline/naca_re1k/frac_0.0/seed_123/metrics.npz,naca_re1k,0.0,123.0,200.0,7.148004836346092,24.625328254519083,8.305908554549939
results/rbf_baseline/naca_re1k/frac_0.4/seed_42/metrics.npz,naca_re1k,0.4,42.0,200.0,5.098596047365631,14.874851192998273,7.3368250298438005
results/rbf_baseline/naca_re1k/frac_0.4/seed_456/metrics.npz,naca_re1k,0.4,456.0,200.0,5.098596047365631,14.874851192998273,7.3368250298438005
results/rbf_baseline/naca_re1k/frac_0.4/seed_123/metrics.npz,naca_re1k,0.4,123.0,200.0,5.098596047365631,14.874851192998273,7.3368250298438005
results/rbf_baseline/naca_re1k/frac_0.5/seed_42/metrics.npz,naca_re1k,0.5,42.0,200.0,5.997217160277259,29.10879521145933,8.169031967549847
results/rbf_baseline/naca_re1k/frac_0.5/seed_456/metrics.npz,naca_re1k,0.5,456.0,200.0,5.997217160277259,29.10879521145933,8.169031967549847
results/rbf_baseline/naca_re1k/frac_0.5/seed_123/metrics.npz,naca_re1k,0.5,123.0,200.0,5.997217160277259,29.10879521145933,8.169031967549847
results/rbf_baseline/naca_re1k/frac_0.3/seed_42/metrics.npz,naca_re1k,0.3,42.0,200.0,7.77342810501564,18.679729899926667,8.317274600321035
results/rbf_baseline/naca_re1k/frac_0.3/seed_456/metrics.npz,naca_re1k,0.3,456.0,200.0,7.77342810501564,18.679729899926667,8.317274600321035
results/rbf_baseline/naca_re1k/frac_0.3/seed_123/metrics.npz,naca_re1k,0.3,123.0,200.0,7.77342810501564,18.679729899926667,8.317274600321035
results/rbf_baseline/naca_re1k/frac_0.1/seed_42/metrics.npz,naca_re1k,0.1,42.0,200.0,9.331465233631613,15.724763217000653,6.488247071998761
results/rbf_baseline/naca_re1k/frac_0.1/seed_456/metrics.npz,naca_re1k,0.1,456.0,200.0,9.331465233631613,15.724763217000653,6.488247071998761
results/rbf_baseline/naca_re1k/frac_0.1/seed_123/metrics.npz,naca_re1k,0.1,123.0,200.0,9.331465233631613,15.724763217000653,6.488247071998761
results/rbf_baseline/cylinder/frac_0.2/seed_42/metrics.npz,cylinder,0.2,42.0,200.0,3.1843084123105068,22.07111394762605,6.9977250641792486
results/rbf_baseline/cylinder/frac_0.2/seed_456/metrics.npz,cylinder,0.2,456.0,200.0,3.1843084123105068,22.07111394762605,6.9977250641792486
results/rbf_baseline/cylinder/frac_0.2/seed_123/metrics.npz,cylinder,0.2,123.0,200.0,3.1843084123105068,22.07111394762605,6.9977250641792486
results/rbf_baseline/cylinder/frac_0.0/seed_42/metrics.npz,cylinder,0.0,42.0,200.0,4.866142190081923,33.390345126357076,17.671548431943666
results/rbf_baseline/cylinder/frac_0.0/seed_456/metrics.npz,cylinder,0.0,456.0,200.0,4.866142190081923,33.390345126357076,17.671548431943666
results/rbf_baseline/cylinder/frac_0.0/seed_123/metrics.npz,cylinder,0.0,123.0,200.0,4.866142190081923,33.390345126357076,17.671548431943666
results/rbf_baseline/cylinder/frac_0.4/seed_42/metrics.npz,cylinder,0.4,42.0,200.0,2.997094332268606,10.441007727114227,7.838551382469585
results/rbf_baseline/cylinder/frac_0.4/seed_456/metrics.npz,cylinder,0.4,456.0,200.0,2.997094332268606,10.441007727114227,7.838551382469585
results/rbf_baseline/cylinder/frac_0.4/seed_123/metrics.npz,cylinder,0.4,123.0,200.0,2.997094332268606,10.441007727114227,7.838551382469585
results/rbf_baseline/cylinder/frac_0.5/seed_42/metrics.npz,cylinder,0.5,42.0,200.0,3.5090062743188217,17.32179821329988,11.064556652954465
results/rbf_baseline/cylinder/frac_0.5/seed_456/metrics.npz,cylinder,0.5,456.0,200.0,3.5090062743188217,17.32179821329988,11.064556652954465
results/rbf_baseline/cylinder/frac_0.5/seed_123/metrics.npz,cylinder,0.5,123.0,200.0,3.5090062743188217,17.32179821329988,11.064556652954465
results/rbf_baseline/cylinder/frac_0.3/seed_42/metrics.npz,cylinder,0.3,42.0,200.0,2.9589774013416257,23.65715365193593,14.6864567424111
results/rbf_baseline/cylinder/frac_0.3/seed_456/metrics.npz,cylinder,0.3,456.0,200.0,2.9589774013416257,23.65715365193593,14.6864567424111
results/rbf_baseline/cylinder/frac_0.3/seed_123/metrics.npz,cylinder,0.3,123.0,200.0,2.9589774013416257,23.65715365193593,14.6864567424111
results/rbf_baseline/cylinder/frac_0.1/seed_42/metrics.npz,cylinder,0.1,42.0,200.0,3.9605387378504315,20.346524866238234,26.62927104851437
results/rbf_baseline/cylinder/frac_0.1/seed_456/metrics.npz,cylinder,0.1,456.0,200.0,3.9605387378504315,20.346524866238234,26.62927104851437
results/rbf_baseline/cylinder/frac_0.1/seed_123/metrics.npz,cylinder,0.1,123.0,200.0,3.9605387378504315,20.346524866238234,26.62927104851437
results/n_scaling_f03_legacy/naca_re10k_extras/N30/seed_42/metrics.npz,re10k_aoa5,0.3,42.0,30.0,5.787280965851269,21.960716653396958,36.38563562779644
results/n_scaling_f03_legacy/naca_re10k_extras/N30/seed_456/metrics.npz,re10k_aoa5,0.3,456.0,30.0,5.06750451154756,22.014269130492146,34.24060538875276
results/n_scaling_f03_legacy/naca_re10k_extras/N30/seed_123/metrics.npz,re10k_aoa5,0.3,123.0,30.0,5.882742768375837,22.75035337989365,37.8823464122124
results/n_scaling_f03_legacy/naca_re10k_extras/N100/seed_42/metrics.npz,re10k_aoa5,0.3,42.0,100.0,3.9212611481009705,20.968041676636616,33.14386582207198
results/n_scaling_f03_legacy/naca_re10k_extras/N100/seed_456/metrics.npz,re10k_aoa5,0.3,456.0,100.0,3.5531257326913144,21.194744438971487,32.53027853170018
results/n_scaling_f03_legacy/naca_re10k_extras/N100/seed_123/metrics.npz,re10k_aoa5,0.3,123.0,100.0,3.667945707395269,20.638926526816427,31.582862733248323
results/n_scaling_f03_legacy/naca_re10k_extras/N50/seed_42/metrics.npz,re10k_aoa5,0.3,42.0,50.0,5.425161452854781,22.09585263599947,33.929799270620094
results/n_scaling_f03_legacy/naca_re10k_extras/N50/seed_456/metrics.npz,re10k_aoa5,0.3,456.0,50.0,5.21115410886923,21.718295798770125,33.143197174666675
results/n_scaling_f03_legacy/naca_re10k_extras/N50/seed_123/metrics.npz,re10k_aoa5,0.3,123.0,50.0,5.466374516936808,21.536583119062012,32.971184555517006
results/n_scaling_f03_legacy/naca_re10k_extras/baseline/seed_42/metrics.npz,re10k_aoa5,0.0,42.0,0.0,24.435372160187622,57.55852812231312,149.46260785268353
results/n_scaling_f03_legacy/naca_re10k_extras/baseline/seed_456/metrics.npz,re10k_aoa5,0.0,456.0,0.0,24.67309951462961,63.11914395562336,205.46272322903346
results/n_scaling_f03_legacy/naca_re10k_extras/baseline/seed_123/metrics.npz,re10k_aoa5,0.0,123.0,0.0,24.451777659627105,57.963232727391286,141.62072455028866
results/n_scaling_f03_legacy/naca_re10k_extras/N500/seed_42/metrics.npz,re10k_aoa5,0.3,42.0,500.0,1.8103729793318684,11.81849891038453,17.3551759418509
results/n_scaling_f03_legacy/naca_re10k_extras/N500/seed_456/metrics.npz,re10k_aoa5,0.3,456.0,500.0,1.6376825155825294,11.260907330756236,16.49645918395325
results/n_scaling_f03_legacy/naca_re10k_extras/N500/seed_123/metrics.npz,re10k_aoa5,0.3,123.0,500.0,1.594990897318133,11.411751150196402,16.97751863146415
results/n_scaling_f01/naca_re10k/N30/seed_42/metrics.npz,re10k_aoa5,0.1,42.0,30.0,4.840921855213632,22.83886473565694,35.284489885753196
results/n_scaling_f01/naca_re10k/N30/seed_456/metrics.npz,re10k_aoa5,0.1,456.0,30.0,4.7273601281000355,22.192326460814456,33.45376769237621
results/n_scaling_f01/naca_re10k/N30/seed_123/metrics.npz,re10k_aoa5,0.1,123.0,30.0,4.742360424105654,22.214109274784217,34.017571381824276
results/n_scaling_f01/naca_re10k/N100/seed_42/metrics.npz,re10k_aoa5,0.1,42.0,100.0,5.185349638720998,22.414704330935585,37.210964901991645
results/n_scaling_f01/naca_re10k/N100/seed_456/metrics.npz,re10k_aoa5,0.1,456.0,100.0,4.652986232319154,20.24087570774979,31.940648129685545
results/n_scaling_f01/naca_re10k/N100/seed_123/metrics.npz,re10k_aoa5,0.1,123.0,100.0,5.077799557729199,22.670684981385524,36.301349225694054
results/n_scaling_f01/naca_re10k/N50/seed_42/metrics.npz,re10k_aoa5,0.1,42.0,50.0,6.055572327399476,17.57055174735547,27.882588359913544
results/n_scaling_f01/naca_re10k/N50/seed_456/metrics.npz,re10k_aoa5,0.1,456.0,50.0,5.120843216646381,16.057840801302664,25.24713864067453
results/n_scaling_f01/naca_re10k/N50/seed_123/metrics.npz,re10k_aoa5,0.1,123.0,50.0,6.259465688692167,19.141790198437334,31.63561095187873
results/n_scaling_f01/naca_re10k/N500/seed_42/metrics.npz,re10k_aoa5,0.1,42.0,500.0,2.300002350535736,15.769667292949288,23.047290095934013
results/n_scaling_f01/naca_re10k/N500/seed_456/metrics.npz,re10k_aoa5,0.1,456.0,500.0,2.010378512718592,15.693203242213945,23.25323148387047
results/n_scaling_f01/naca_re10k/N500/seed_123/metrics.npz,re10k_aoa5,0.1,123.0,500.0,2.0322998650532655,16.197335000070836,23.6138236290001
results/n_scaling_f01/fsi1/N30/seed_42/metrics.npz,fsi1,0.1,42.0,30.0,6.770386462232131,19.356091708838978,5.5931667085014425
results/n_scaling_f01/fsi1/N30/seed_456/metrics.npz,fsi1,0.1,456.0,30.0,6.805056073679018,19.376864092370962,5.700266718335419
results/n_scaling_f01/fsi1/N30/seed_123/metrics.npz,fsi1,0.1,123.0,30.0,6.7436019597581,19.259398033294993,5.642760226199523
results/n_scaling_f01/fsi1/N100/seed_42/metrics.npz,fsi1,0.1,42.0,100.0,5.375078802836744,16.237959601329738,3.1485197729681005
results/n_scaling_f01/fsi1/N100/seed_456/metrics.npz,fsi1,0.1,456.0,100.0,5.35779718785078,16.18091415778453,3.2385693472492276
results/n_scaling_f01/fsi1/N100/seed_123/metrics.npz,fsi1,0.1,123.0,100.0,5.3805889355647025,16.064518838592104,3.191128225625073
results/n_scaling_f01/fsi1/N50/seed_42/metrics.npz,fsi1,0.1,42.0,50.0,5.826679227424244,17.795543339758634,4.379653142599235
results/n_scaling_f01/fsi1/N50/seed_456/metrics.npz,fsi1,0.1,456.0,50.0,5.822578950904142,17.500528567785476,4.314690460267227
results/n_scaling_f01/fsi1/N50/seed_123/metrics.npz,fsi1,0.1,123.0,50.0,5.840272146099584,17.7090645669573,4.42760958718128
results/n_scaling_f01/fsi1/N500/seed_42/metrics.npz,fsi1,0.1,42.0,500.0,5.043390308990168,14.382853812890161,2.18256138961546
results/n_scaling_f01/fsi1/N500/seed_456/metrics.npz,fsi1,0.1,456.0,500.0,5.0643211992483295,14.413111118340497,2.1640988556483256
results/n_scaling_f01/fsi1/N500/seed_123/metrics.npz,fsi1,0.1,123.0,500.0,5.037960491043191,14.259503877952431,2.134462258638035
results/n_scaling_f01/naca_re1k/N30/seed_42/metrics.npz,re1k_aoa5,0.1,42.0,30.0,2.976044857195796,15.505828708803929,7.6971516858791915
results/n_scaling_f01/naca_re1k/N30/seed_456/metrics.npz,re1k_aoa5,0.1,456.0,30.0,2.90042068452985,14.434834957145416,7.045010977766282
results/n_scaling_f01/naca_re1k/N30/seed_123/metrics.npz,re1k_aoa5,0.1,123.0,30.0,2.9843540538718267,15.261054160610609,7.641558916113299
results/n_scaling_f01/naca_re1k/N100/seed_42/metrics.npz,re1k_aoa5,0.1,42.0,100.0,3.626584138008028,15.729015454776635,8.143173367314324
results/n_scaling_f01/naca_re1k/N100/seed_456/metrics.npz,re1k_aoa5,0.1,456.0,100.0,3.6191689110901253,15.360723261961374,8.099580819735285
results/n_scaling_f01/naca_re1k/N100/seed_123/metrics.npz,re1k_aoa5,0.1,123.0,100.0,3.6607652962914363,16.034557785361965,8.42818242669038
results/n_scaling_f01/naca_re1k/N50/seed_42/metrics.npz,re1k_aoa5,0.1,42.0,50.0,4.033038758445171,13.556916746515679,6.858779068541315
results/n_scaling_f01/naca_re1k/N50/seed_456/metrics.npz,re1k_aoa5,0.1,456.0,50.0,3.9806322090751114,12.919387808980037,6.382880375250774
results/n_scaling_f01/naca_re1k/N50/seed_123/metrics.npz,re1k_aoa5,0.1,123.0,50.0,4.193725756627762,14.305089638956069,7.366278948664565
results/n_scaling_f01/naca_re1k/N500/seed_42/metrics.npz,re1k_aoa5,0.1,42.0,500.0,1.4076818994243074,10.670693672287312,4.943859286908456
results/n_scaling_f01/naca_re1k/N500/seed_456/metrics.npz,re1k_aoa5,0.1,456.0,500.0,1.382293907729499,10.431501913903613,4.817738629093842
results/n_scaling_f01/naca_re1k/N500/seed_123/metrics.npz,re1k_aoa5,0.1,123.0,500.0,1.3748656192350615,10.460774059622054,4.776100004850484
results/n_scaling_f01/cylinder/N30/seed_42/metrics.npz,,0.1,42.0,30.0,2.073549860404074,21.836191169329037,10.11683764164044
results/n_scaling_f01/cylinder/N30/seed_456/metrics.npz,,0.1,456.0,30.0,2.0733678585574022,21.781438369914728,10.218666729834867
results/n_scaling_f01/cylinder/N30/seed_123/metrics.npz,,0.1,123.0,30.0,2.0506110884503035,21.818262202220097,10.22235415105515
results/n_scaling_f01/cylinder/N100/seed_42/metrics.npz,,0.1,42.0,100.0,1.5929623963874402,16.911193528958943,6.1251488726247745
results/n_scaling_f01/cylinder/N100/seed_456/metrics.npz,,0.1,456.0,100.0,1.6266204524883725,17.071082862313787,6.302462362403556
results/n_scaling_f01/cylinder/N100/seed_123/metrics.npz,,0.1,123.0,100.0,1.579698796459176,16.960741481078013,6.257950538759507
results/n_scaling_f01/cylinder/N50/seed_42/metrics.npz,,0.1,42.0,50.0,1.6497177220022128,18.635044815086367,8.135891349057472
results/n_scaling_f01/cylinder/N50/seed_456/metrics.npz,,0.1,456.0,50.0,1.6981264898362425,18.90976223304127,8.572085324994132
results/n_scaling_f01/cylinder/N50/seed_123/metrics.npz,,0.1,123.0,50.0,1.6661039712000785,18.736636932053255,8.376503623753
results/n_scaling_f01/cylinder/N500/seed_42/metrics.npz,,0.1,42.0,500.0,1.3342635899953215,13.978345359889996,5.8061868771412275
results/n_scaling_f01/cylinder/N500/seed_456/metrics.npz,,0.1,456.0,500.0,1.3566846980549692,14.00828196306131,5.887605573319331
results/n_scaling_f01/cylinder/N500/seed_123/metrics.npz,,0.1,123.0,500.0,1.3537295793997766,13.97943973597483,5.977305713995791
results/sensitivity_sweep/naca_re10k/frac_0.2/seed_42/metrics.npz,re10k_aoa5,0.2,42.0,200.0,2.9381902471379466,14.06331793719807,21.651577967350185
results/sensitivity_sweep/naca_re10k/frac_0.2/seed_456/metrics.npz,re10k_aoa5,0.2,456.0,200.0,2.73156144333548,12.997140779819318,20.56510148744088
results/sensitivity_sweep/naca_re10k/frac_0.2/seed_123/metrics.npz,re10k_aoa5,0.2,123.0,200.0,2.8111127880280766,13.50772841030244,20.467254222508238
results/sensitivity_sweep/naca_re10k/frac_0.0/seed_42/metrics.npz,re10k_aoa5,0.0,42.0,200.0,2.6321234461482006,14.65725425297081,23.144370707919062
results/sensitivity_sweep/naca_re10k/frac_0.0/seed_456/metrics.npz,re10k_aoa5,0.0,456.0,200.0,2.6058283126720845,14.696865290761806,20.304758378479065
results/sensitivity_sweep/naca_re10k/frac_0.0/seed_123/metrics.npz,re10k_aoa5,0.0,123.0,200.0,2.8990196765123333,15.83467173373094,24.087517968118043
results/sensitivity_sweep/naca_re10k/frac_0.4/seed_42/metrics.npz,re10k_aoa5,0.4,42.0,200.0,3.553168822954601,15.884032370016454,21.049793739313806
results/sensitivity_sweep/naca_re10k/frac_0.4/seed_456/metrics.npz,re10k_aoa5,0.4,456.0,200.0,3.0533970948579494,15.930476967569454,19.457749569337608
results/sensitivity_sweep/naca_re10k/frac_0.4/seed_123/metrics.npz,re10k_aoa5,0.4,123.0,200.0,3.033211550411609,15.617595745779767,19.902499898985866
results/sensitivity_sweep/naca_re10k/frac_0.5/seed_42/metrics.npz,re10k_aoa5,0.5,42.0,200.0,2.891698843525709,13.48194179112174,19.516276191847123
results/sensitivity_sweep/naca_re10k/frac_0.5/seed_456/metrics.npz,re10k_aoa5,0.5,456.0,200.0,2.5052520081595278,12.62644017564734,17.68623725683827
results/sensitivity_sweep/naca_re10k/frac_0.5/seed_123/metrics.npz,re10k_aoa5,0.5,123.0,200.0,2.9211747874783414,13.287572517635146,19.63113961365828
results/sensitivity_sweep/naca_re10k/frac_0.3/seed_42/metrics.npz,re10k_aoa5,0.3,42.0,200.0,2.8055471655073987,19.13638131989515,26.189235110405274
results/sensitivity_sweep/naca_re10k/frac_0.3/seed_456/metrics.npz,re10k_aoa5,0.3,456.0,200.0,2.39914868823824,17.64931998345914,24.162978522240234
results/sensitivity_sweep/naca_re10k/frac_0.3/seed_123/metrics.npz,re10k_aoa5,0.3,123.0,200.0,2.065096568632294,16.574891948055892,22.75397168982644
results/sensitivity_sweep/naca_re10k/frac_0.1/seed_42/metrics.npz,re10k_aoa5,0.1,42.0,200.0,1.9461234191980874,13.830462835290211,22.096849778999694
results/sensitivity_sweep/naca_re10k/frac_0.1/seed_456/metrics.npz,re10k_aoa5,0.1,456.0,200.0,1.8953284697878665,13.720703275809665,21.743908366771343
results/sensitivity_sweep/naca_re10k/frac_0.1/seed_123/metrics.npz,re10k_aoa5,0.1,123.0,200.0,1.883346713015842,14.521946756400142,22.897416705380866
results/sensitivity_sweep/fsi1/frac_0.2/seed_42/metrics.npz,fsi1,0.2,42.0,200.0,5.29001003189172,16.147855089872454,2.591257441694372
results/sensitivity_sweep/fsi1/frac_0.2/seed_456/metrics.npz,fsi1,0.2,456.0,200.0,5.2821456132616635,16.073784235924983,2.6415875275799747
results/sensitivity_sweep/fsi1/frac_0.2/seed_123/metrics.npz,fsi1,0.2,123.0,200.0,5.311620141158844,16.153436905291052,2.5167509820627636
results/sensitivity_sweep/fsi1/frac_0.0/seed_42/metrics.npz,fsi1,0.0,42.0,200.0,5.27239817162791,15.495865511475774,2.7523842328598485
results/sensitivity_sweep/fsi1/frac_0.0/seed_456/metrics.npz,fsi1,0.0,456.0,200.0,5.274144924972281,15.54787273437643,2.711960379368154
results/sensitivity_sweep/fsi1/frac_0.0/seed_123/metrics.npz,fsi1,0.0,123.0,200.0,5.273892984389753,15.538563243048351,2.709659119817368
results/sensitivity_sweep/fsi1/frac_0.4/seed_42/metrics.npz,fsi1,0.4,42.0,200.0,5.422307087030314,16.08682197118125,2.894985437970781
results/sensitivity_sweep/fsi1/frac_0.4/seed_456/metrics.npz,fsi1,0.4,456.0,200.0,5.4238158403716525,16.039411573053407,2.8922600955304816
results/sensitivity_sweep/fsi1/frac_0.4/seed_123/metrics.npz,fsi1,0.4,123.0,200.0,5.419166044332239,16.10664371039415,2.865865701748082
results/sensitivity_sweep/fsi1/frac_0.5/seed_42/metrics.npz,fsi1,0.5,42.0,200.0,5.337005015280166,16.027155988548436,2.82329512086995
results/sensitivity_sweep/fsi1/frac_0.5/seed_456/metrics.npz,fsi1,0.5,456.0,200.0,5.2926506454550974,15.910425359901808,2.8170789375210465
results/sensitivity_sweep/fsi1/frac_0.5/seed_123/metrics.npz,fsi1,0.5,123.0,200.0,5.287739530882055,15.884511375891988,2.7932158341035054
results/sensitivity_sweep/fsi1/frac_0.3/seed_42/metrics.npz,fsi1,0.3,42.0,200.0,5.313929138392229,16.07247553978132,2.7087780053733983
results/sensitivity_sweep/fsi1/frac_0.3/seed_456/metrics.npz,fsi1,0.3,456.0,200.0,5.350149035194556,16.136047277458392,2.7675741070786417
results/sensitivity_sweep/fsi1/frac_0.3/seed_123/metrics.npz,fsi1,0.3,123.0,200.0,5.35329612469614,16.24872372875928,2.686966500331043
results/sensitivity_sweep/fsi1/frac_0.1/seed_42/metrics.npz,fsi1,0.1,42.0,200.0,5.2499689547141735,16.043524523941084,2.6296762052433156
results/sensitivity_sweep/fsi1/frac_0.1/seed_456/metrics.npz,fsi1,0.1,456.0,200.0,5.2778423886453805,15.806172568456766,2.6829952080227097
results/sensitivity_sweep/fsi1/frac_0.1/seed_123/metrics.npz,fsi1,0.1,123.0,200.0,5.229624970404673,15.862651816098063,2.6292015437751313
results/sensitivity_sweep/naca_re1k/frac_0.2/seed_42/metrics.npz,re1k_aoa5,0.2,42.0,200.0,1.3056198268404888,8.33610488957103,4.162779774048548
results/sensitivity_sweep/naca_re1k/frac_0.2/seed_456/metrics.npz,re1k_aoa5,0.2,456.0,200.0,1.3335832827126481,8.324799607445591,4.062463871247078
results/sensitivity_sweep/naca_re1k/frac_0.2/seed_123/metrics.npz,re1k_aoa5,0.2,123.0,200.0,1.3050680616072974,8.097131111092029,3.9797332639612
results/sensitivity_sweep/naca_re1k/frac_0.0/seed_42/metrics.npz,re1k_aoa5,0.0,42.0,200.0,1.5638012564802735,9.327068707982013,4.16640431083316
results/sensitivity_sweep/naca_re1k/frac_0.0/seed_456/metrics.npz,re1k_aoa5,0.0,456.0,200.0,1.5897660233743467,9.170861583671561,4.104338453060367
results/sensitivity_sweep/naca_re1k/frac_0.0/seed_123/metrics.npz,re1k_aoa5,0.0,123.0,200.0,1.5257731155173477,9.125157942387323,3.9219269489409276
results/sensitivity_sweep/naca_re1k/frac_0.4/seed_42/metrics.npz,re1k_aoa5,0.4,42.0,200.0,1.6750880664741754,9.854684636418995,4.2601769833070335
results/sensitivity_sweep/naca_re1k/frac_0.4/seed_456/metrics.npz,re1k_aoa5,0.4,456.0,200.0,1.7120747195692683,9.625928782330217,4.198244892085951
results/sensitivity_sweep/naca_re1k/frac_0.4/seed_123/metrics.npz,re1k_aoa5,0.4,123.0,200.0,1.637002684075211,9.573709649988258,4.044366582215699
results/sensitivity_sweep/naca_re1k/frac_0.5/seed_42/metrics.npz,re1k_aoa5,0.5,42.0,200.0,1.8116503436426088,8.240655112101816,3.443994948507556
results/sensitivity_sweep/naca_re1k/frac_0.5/seed_456/metrics.npz,re1k_aoa5,0.5,456.0,200.0,1.8433727417906582,8.093456821786196,3.3527144954883155
results/sensitivity_sweep/naca_re1k/frac_0.5/seed_123/metrics.npz,re1k_aoa5,0.5,123.0,200.0,1.779638770941953,8.158379457799377,3.325859728834875
results/sensitivity_sweep/naca_re1k/frac_0.3/seed_42/metrics.npz,re1k_aoa5,0.3,42.0,200.0,1.3498543220198544,9.695496102983547,4.273821499977813
results/sensitivity_sweep/naca_re1k/frac_0.3/seed_456/metrics.npz,re1k_aoa5,0.3,456.0,200.0,1.29028043515503,9.108242206578158,3.997032364724841
results/sensitivity_sweep/naca_re1k/frac_0.3/seed_123/metrics.npz,re1k_aoa5,0.3,123.0,200.0,1.350808015384334,9.525143124387487,4.267829909404943
results/sensitivity_sweep/naca_re1k/frac_0.1/seed_42/metrics.npz,re1k_aoa5,0.1,42.0,200.0,1.1492486371428596,8.635671352754711,4.056199585333661
results/sensitivity_sweep/naca_re1k/frac_0.1/seed_456/metrics.npz,re1k_aoa5,0.1,456.0,200.0,1.1254872447928186,8.311326810673291,3.9104415279271687
results/sensitivity_sweep/naca_re1k/frac_0.1/seed_123/metrics.npz,re1k_aoa5,0.1,123.0,200.0,1.12106772157704,8.637841731683588,4.027968020192741
results/sensitivity_sweep/cylinder/frac_0.2/seed_42/metrics.npz,,0.2,42.0,200.0,1.4551034634694053,16.823065547990552,8.817869341067976
results/sensitivity_sweep/cylinder/frac_0.2/seed_456/metrics.npz,,0.2,456.0,200.0,1.4184257396719366,16.810903902150148,8.590179919331083
results/sensitivity_sweep/cylinder/frac_0.2/seed_123/metrics.npz,,0.2,123.0,200.0,1.4509395023282128,16.848613901630625,8.704963288078376
results/sensitivity_sweep/cylinder/frac_0.0/seed_42/metrics.npz,,0.0,42.0,200.0,1.4756497580652697,16.11400654957505,7.2167114772403975
results/sensitivity_sweep/cylinder/frac_0.0/seed_456/metrics.npz,,0.0,456.0,200.0,1.511100956568237,16.196874748847527,7.520499214486947
results/sensitivity_sweep/cylinder/frac_0.0/seed_123/metrics.npz,,0.0,123.0,200.0,1.508361089629882,16.133715952420616,7.459284285653722
results/sensitivity_sweep/cylinder/frac_0.4/seed_42/metrics.npz,,0.4,42.0,200.0,1.4330969540591392,16.595713211742265,8.222146607008122
results/sensitivity_sweep/cylinder/frac_0.4/seed_456/metrics.npz,,0.4,456.0,200.0,1.4435648123761207,16.773085397413837,8.336823701314389
results/sensitivity_sweep/cylinder/frac_0.4/seed_123/metrics.npz,,0.4,123.0,200.0,1.4381086526193954,16.63361163894289,8.067811283224922
results/sensitivity_sweep/cylinder/frac_0.5/seed_42/metrics.npz,,0.5,42.0,200.0,1.5204450628712134,15.683643224531583,6.941458175361473
results/sensitivity_sweep/cylinder/frac_0.5/seed_456/metrics.npz,,0.5,456.0,200.0,1.4977398937343174,15.727089086481497,6.766133880816186
results/sensitivity_sweep/cylinder/frac_0.5/seed_123/metrics.npz,,0.5,123.0,200.0,1.5066869070812257,15.783246753597249,6.906895735276885
results/sensitivity_sweep/cylinder/frac_0.3/seed_42/metrics.npz,,0.3,42.0,200.0,1.488949041159304,16.566794325679624,9.128018647974603
results/sensitivity_sweep/cylinder/frac_0.3/seed_456/metrics.npz,,0.3,456.0,200.0,1.5057079643463547,16.638989418188313,9.278121888082598
results/sensitivity_sweep/cylinder/frac_0.3/seed_123/metrics.npz,,0.3,123.0,200.0,1.490013732649238,16.664711084452367,9.060718669120158
results/sensitivity_sweep/cylinder/frac_0.1/seed_42/metrics.npz,,0.1,42.0,200.0,1.4145217123751612,16.219650478455975,5.9254062415799265
results/sensitivity_sweep/cylinder/frac_0.1/seed_456/metrics.npz,,0.1,456.0,200.0,1.4283465049372508,16.327246175769773,5.954983741881216
results/sensitivity_sweep/cylinder/frac_0.1/seed_123/metrics.npz,,0.1,123.0,200.0,1.4216058060117607,16.29348216767303,5.953005875746947
cases/naca0012_re10k/results/width_sweep/quadrant/w0050/frac_0.1/seed_42/metrics.npz,re10k_aoa5,0.1,42.0,200.0,3.0311995676730743,18.21730732127898,24.696406283172507
cases/naca0012_re10k/results/width_sweep/quadrant/w0050/frac_0.1/seed_456/metrics.npz,re10k_aoa5,0.1,456.0,200.0,3.1036241072298054,18.795401045429852,25.693251881067813
cases/naca0012_re10k/results/width_sweep/quadrant/w0050/frac_0.1/seed_123/metrics.npz,re10k_aoa5,0.1,123.0,200.0,2.9938009190742823,17.993115163460587,24.750058971822313
cases/naca0012_re10k/results/width_sweep/quadrant/w0070/frac_0.1/seed_456/metrics.npz,re10k_aoa5,0.1,456.0,200.0,2.936762007564579,13.542725445300313,19.888558122111156
cases/naca0012_re10k/results/width_sweep/quadrant/w0070/frac_0.1/seed_123/metrics.npz,re10k_aoa5,0.1,123.0,200.0,3.3520479637826597,15.114081367053315,22.703467748584735
cases/naca0012_re10k/results/width_sweep/quadrant/w0070/frac_0.1/seed_42/metrics.npz,re10k_aoa5,0.1,42.0,200.0,3.1764674321818975,13.594325670307853,19.527125558543958
cases/naca0012_re10k/results/width_sweep/nearbody/w0050/frac_0.1/seed_456/metrics.npz,re10k_aoa5,0.1,456.0,200.0,2.8230102293074912,17.729704980914484,22.82369714475555
cases/naca0012_re10k/results/width_sweep/nearbody/w0050/frac_0.1/seed_123/metrics.npz,re10k_aoa5,0.1,123.0,200.0,2.889753846332354,17.635623882669975,23.682017244842353
cases/naca0012_re10k/results/width_sweep/nearbody/w0050/frac_0.1/seed_42/metrics.npz,re10k_aoa5,0.1,42.0,200.0,3.404875414066207,18.644154788716037,24.911401163891057
cases/naca0012_re10k/results/width_sweep/nearbody/w0070/frac_0.1/seed_42/metrics.npz,re10k_aoa5,0.1,42.0,200.0,2.751363304333685,14.912176930132704,22.634875257801518
cases/naca0012_re10k/results/width_sweep/nearbody/w0070/frac_0.1/seed_456/metrics.npz,re10k_aoa5,0.1,456.0,200.0,2.1885866167568815,12.864993541489778,20.166760737041248
cases/naca0012_re10k/results/width_sweep/nearbody/w0070/frac_0.1/seed_123/metrics.npz,re10k_aoa5,0.1,123.0,200.0,2.3101822043311078,13.44623226238461,20.36332178754144
cases/naca0012_re10k/results/A_quadov/frac_0.2/seed_42/metrics.npz,re10k_aoa5,0.2,42.0,200.0,2.868692042417795,15.206900369737616,19.719575078326148
cases/naca0012_re10k/results/A_quadov/frac_0.2/seed_456/metrics.npz,re10k_aoa5,0.2,456.0,200.0,3.0209709777960287,15.306735177397998,19.67155530708468
cases/naca0012_re10k/results/A_quadov/frac_0.2/seed_123/metrics.npz,re10k_aoa5,0.2,123.0,200.0,3.2566115051125712,16.54622033466147,21.45339596006407
cases/naca0012_re10k/results/A_quadov/frac_0.0/seed_42/metrics.npz,re10k_aoa5,0.0,42.0,200.0,2.343155136185833,14.38591791571203,18.45574424012632
cases/naca0012_re10k/results/A_quadov/frac_0.0/seed_456/metrics.npz,re10k_aoa5,0.0,456.0,200.0,2.092682005789549,13.993299129077116,18.1177321498403
cases/naca0012_re10k/results/A_quadov/frac_0.0/seed_123/metrics.npz,re10k_aoa5,0.0,123.0,200.0,2.6707468295230146,17.51468638430012,23.94291966925694
cases/naca0012_re10k/results/A_quadov/frac_0.4/seed_42/metrics.npz,re10k_aoa5,0.4,42.0,200.0,1.775444048893289,12.03968331525341,12.602575966670571
cases/naca0012_re10k/results/A_quadov/frac_0.4/seed_456/metrics.npz,re10k_aoa5,0.4,456.0,200.0,2.130335681868617,13.7800236664174,14.560303112747256
cases/naca0012_re10k/results/A_quadov/frac_0.4/seed_123/metrics.npz,re10k_aoa5,0.4,123.0,200.0,2.0563290664194365,14.757517048915531,15.967934888823187
cases/naca0012_re10k/results/A_quadov/frac_0.5/seed_42/metrics.npz,re10k_aoa5,0.5,42.0,200.0,2.206307150196408,12.854919746812902,12.730563499981534
cases/naca0012_re10k/results/A_quadov/frac_0.5/seed_456/metrics.npz,re10k_aoa5,0.5,456.0,200.0,1.6943554932842744,11.8902686392077,12.38374652353376
cases/naca0012_re10k/results/A_quadov/frac_0.5/seed_123/metrics.npz,re10k_aoa5,0.5,123.0,200.0,1.9571314565778546,12.554953849531014,13.56572137141208
cases/naca0012_re10k/results/A_quadov/frac_0.3/seed_42/metrics.npz,re10k_aoa5,0.3,42.0,200.0,2.7831351547914,17.871310779458543,22.714548851348184
cases/naca0012_re10k/results/A_quadov/frac_0.3/seed_456/metrics.npz,re10k_aoa5,0.3,456.0,200.0,2.78745613080592,17.00365528846771,22.532942456473567
cases/naca0012_re10k/results/A_quadov/frac_0.3/seed_123/metrics.npz,re10k_aoa5,0.3,123.0,200.0,2.667586504403542,16.327768197347748,20.374908581692665
cases/naca0012_re10k/results/A_quadov/frac_0.1/seed_42/metrics.npz,re10k_aoa5,0.1,42.0,200.0,2.729464463882322,17.485561501623256,24.50227129585199
cases/naca0012_re10k/results/A_quadov/frac_0.1/seed_456/metrics.npz,re10k_aoa5,0.1,456.0,200.0,2.6658992946669957,16.332074866926224,23.54008055986701
cases/naca0012_re10k/results/A_quadov/frac_0.1/seed_123/metrics.npz,re10k_aoa5,0.1,123.0,200.0,2.911002186984847,17.58606343939821,24.89247624886044
cases/naca0012_re10k/results/frac_0.2/seed_42/metrics.npz,re10k_aoa5,0.2,42.0,200.0,2.9381902471379466,14.06331793719807,21.651577967350185
cases/naca0012_re10k/results/frac_0.2/seed_456/metrics.npz,re10k_aoa5,0.2,456.0,200.0,2.73156144333548,12.997140779819318,20.56510148744088
cases/naca0012_re10k/results/frac_0.2/seed_123/metrics.npz,re10k_aoa5,0.2,123.0,200.0,2.8111127880280766,13.50772841030244,20.467254222508238
cases/naca0012_re10k/results/frac_0.0/seed_42/metrics.npz,re10k_aoa5,0.0,42.0,200.0,2.6321234461482006,14.65725425297081,23.144370707919062
cases/naca0012_re10k/results/frac_0.0/seed_456/metrics.npz,re10k_aoa5,0.0,456.0,200.0,2.6058283126720845,14.696865290761806,20.304758378479065
cases/naca0012_re10k/results/frac_0.0/seed_123/metrics.npz,re10k_aoa5,0.0,123.0,200.0,2.8990196765123333,15.83467173373094,24.087517968118043
cases/naca0012_re10k/results/frac_0.4/seed_42/metrics.npz,re10k_aoa5,0.4,42.0,200.0,3.553168822954601,15.884032370016454,21.049793739313806
cases/naca0012_re10k/results/frac_0.4/seed_456/metrics.npz,re10k_aoa5,0.4,456.0,200.0,3.0533970948579494,15.930476967569454,19.457749569337608
cases/naca0012_re10k/results/frac_0.4/seed_123/metrics.npz,re10k_aoa5,0.4,123.0,200.0,3.033211550411609,15.617595745779767,19.902499898985866
cases/naca0012_re10k/results/nonoverlap/seed_42/metrics_nonoverlap.npz,re10k_aoa5,0.0,42.0,200.0,2.1713057522580708,8.543090754615761,14.535657779481411
cases/naca0012_re10k/results/nonoverlap/seed_456/metrics_nonoverlap.npz,re10k_aoa5,0.0,456.0,200.0,2.254184975856259,8.677859147253482,11.437539937828141
cases/naca0012_re10k/results/nonoverlap/seed_123/metrics_nonoverlap.npz,re10k_aoa5,0.0,123.0,200.0,2.3400606990455706,8.478483254016696,13.739107901984603
cases/naca0012_re10k/results/D_partition/seed_42/metrics.npz,re10k_aoa5,0.0,42.0,200.0,2.3870969045882937,9.07179866521541,9.124138155722562
cases/naca0012_re10k/results/D_partition/seed_456/metrics.npz,re10k_aoa5,0.0,456.0,200.0,2.2378323527886574,8.139930191665941,8.677956238654273
cases/naca0012_re10k/results/D_partition/seed_123/metrics.npz,re10k_aoa5,0.0,123.0,200.0,2.255150552776022,8.35605122463098,9.219285309568573
cases/naca0012_re10k/results/frac_0.5/seed_42/metrics.npz,re10k_aoa5,0.5,42.0,200.0,2.891698843525709,13.48194179112174,19.516276191847123
cases/naca0012_re10k/results/frac_0.5/seed_456/metrics.npz,re10k_aoa5,0.5,456.0,200.0,2.5052520081595278,12.62644017564734,17.68623725683827
cases/naca0012_re10k/results/frac_0.5/seed_123/metrics.npz,re10k_aoa5,0.5,123.0,200.0,2.9211747874783414,13.287572517635146,19.63113961365828
cases/naca0012_re10k/results/frac_0.3/seed_42/metrics.npz,re10k_aoa5,0.3,42.0,200.0,2.8055471655073987,19.13638131989515,26.189235110405274
cases/naca0012_re10k/results/frac_0.3/seed_456/metrics.npz,re10k_aoa5,0.3,456.0,200.0,2.39914868823824,17.64931998345914,24.162978522240234
cases/naca0012_re10k/results/frac_0.3/seed_123/metrics.npz,re10k_aoa5,0.3,123.0,200.0,2.065096568632294,16.574891948055892,22.75397168982644
cases/naca0012_re10k/results/frac_0.1/seed_42/metrics.npz,re10k_aoa5,0.1,42.0,200.0,1.9461234191980874,13.830462835290211,22.096849778999694
cases/naca0012_re10k/results/frac_0.1/seed_456/metrics.npz,re10k_aoa5,0.1,456.0,200.0,1.8953284697878665,13.720703275809665,21.743908366771343
cases/naca0012_re10k/results/frac_0.1/seed_123/metrics.npz,re10k_aoa5,0.1,123.0,200.0,1.883346713015842,14.521946756400142,22.897416705380866
cases/cylinder_re40/results/width_sweep/quadrant/w0070/frac_0.1/seed_42/metrics.npz,,0.1,42.0,200.0,1.3939443466656611,14.938688971286757,5.465408959421779
cases/cylinder_re40/results/width_sweep/quadrant/w0070/frac_0.1/seed_456/metrics.npz,,0.1,456.0,200.0,1.4165762673537843,15.051582447529219,5.289671699468017
cases/cylinder_re40/results/width_sweep/quadrant/w0070/frac_0.1/seed_123/metrics.npz,,0.1,123.0,200.0,1.385507352180248,14.88473876298173,5.165595012815119
cases/cylinder_re40/results/width_sweep/w0030/frac_0.1/seed_42/metrics.npz,,0.1,42.0,200.0,1.4348763364786141,16.841865861779922,6.005195242862984
cases/cylinder_re40/results/width_sweep/w0030/frac_0.1/seed_456/metrics.npz,,0.1,456.0,200.0,1.464766635124002,16.816835839331574,6.160859088442591
cases/cylinder_re40/results/width_sweep/w0030/frac_0.1/seed_123/metrics.npz,,0.1,123.0,200.0,1.452800905383821,16.85582075835816,6.044222548183656
cases/cylinder_re40/results/width_sweep/nearbody/w0030/frac_0.1/seed_456/metrics.npz,,0.1,456.0,200.0,1.464766635124002,16.816835839331574,6.160859088442591
cases/cylinder_re40/results/width_sweep/nearbody/w0030/frac_0.1/seed_123/metrics.npz,,0.1,123.0,200.0,1.452800905383821,16.85582075835816,6.044222548183656
cases/cylinder_re40/results/width_sweep/nearbody/w0030/frac_0.1/seed_42/metrics.npz,,0.1,42.0,200.0,1.4348763364786141,16.841865861779922,6.005195242862984
cases/cylinder_re40/results/width_sweep/nearbody/w0070/frac_0.1/seed_42/metrics.npz,,0.1,42.0,200.0,1.375623783637156,15.326495325343181,5.524928046127584
cases/cylinder_re40/results/width_sweep/nearbody/w0070/frac_0.1/seed_456/metrics.npz,,0.1,456.0,200.0,1.3954115274614631,15.365139579086318,5.761710732773916
cases/cylinder_re40/results/width_sweep/nearbody/w0070/frac_0.1/seed_123/metrics.npz,,0.1,123.0,200.0,1.401866132849153,15.26274748097078,5.722599612052757
cases/cylinder_re40/results/width_sweep/w0070/frac_0.1/seed_42/metrics.npz,,0.1,42.0,200.0,1.3939443466656611,14.938688971286757,5.465408959421779
cases/cylinder_re40/results/width_sweep/w0070/frac_0.1/seed_456/metrics.npz,,0.1,456.0,200.0,1.4165762673537843,15.051582447529219,5.289671699468017
cases/cylinder_re40/results/width_sweep/w0070/frac_0.1/seed_123/metrics.npz,,0.1,123.0,200.0,1.385507352180248,14.88473876298173,5.165595012815119
cases/cylinder_re40/results/A_quadov/frac_0.2/seed_42/metrics.npz,,0.2,42.0,200.0,1.385386959495275,16.603791520047174,8.446187697572526
cases/cylinder_re40/results/A_quadov/frac_0.2/seed_456/metrics.npz,,0.2,456.0,200.0,1.4060581304970317,16.60220596410425,8.4482041832625
cases/cylinder_re40/results/A_quadov/frac_0.2/seed_123/metrics.npz,,0.2,123.0,200.0,1.3911433830374547,16.569957849267606,8.366808168888479
cases/cylinder_re40/results/A_quadov/frac_0.0/seed_42/metrics.npz,,0.0,42.0,200.0,1.5822929687068825,15.946606133455049,7.596990748977871
cases/cylinder_re40/results/A_quadov/frac_0.0/seed_456/metrics.npz,,0.0,456.0,200.0,1.5632011396199574,15.901573797665291,7.4660902882306
cases/cylinder_re40/results/A_quadov/frac_0.0/seed_123/metrics.npz,,0.0,123.0,200.0,1.557821121031937,15.992495309280105,7.5093386520895296
cases/cylinder_re40/results/A_quadov/frac_0.4/seed_42/metrics.npz,,0.4,42.0,200.0,1.405888496600048,16.628425618573676,7.420977838012773
cases/cylinder_re40/results/A_quadov/frac_0.4/seed_456/metrics.npz,,0.4,456.0,200.0,1.3995805995017578,16.60826336665488,7.519649547648523
cases/cylinder_re40/results/A_quadov/frac_0.4/seed_123/metrics.npz,,0.4,123.0,200.0,1.4045586599840119,16.560995427250347,7.347836527323909
cases/cylinder_re40/results/A_quadov/frac_0.5/seed_42/metrics.npz,,0.5,42.0,200.0,1.568244340228749,15.593490446698969,7.046103390206876
cases/cylinder_re40/results/A_quadov/frac_0.5/seed_456/metrics.npz,,0.5,456.0,200.0,1.5624360798223835,15.710079118971745,7.046049826453878
cases/cylinder_re40/results/A_quadov/frac_0.5/seed_123/metrics.npz,,0.5,123.0,200.0,1.5571482060475028,15.597449097916508,7.011817092474312
cases/cylinder_re40/results/A_quadov/frac_0.3/seed_42/metrics.npz,,0.3,42.0,200.0,1.4969753213772463,16.572174734802235,8.644971763575601
cases/cylinder_re40/results/A_quadov/frac_0.3/seed_456/metrics.npz,,0.3,456.0,200.0,1.4894392242791554,16.60843896990396,8.80447006187422
cases/cylinder_re40/results/A_quadov/frac_0.3/seed_123/metrics.npz,,0.3,123.0,200.0,1.4905206175222476,16.4558551050866,8.728791670255951
cases/cylinder_re40/results/A_quadov/frac_0.1/seed_42/metrics.npz,,0.1,42.0,200.0,1.4297920371559683,16.09065786703375,5.362866114017081
cases/cylinder_re40/results/A_quadov/frac_0.1/seed_456/metrics.npz,,0.1,456.0,200.0,1.429298703433982,15.980530276403238,5.337193294664792
cases/cylinder_re40/results/A_quadov/frac_0.1/seed_123/metrics.npz,,0.1,123.0,200.0,1.433548166503736,16.144489509671896,5.485416349508252
cases/cylinder_re40/results/D_partition/seed_42/metrics.npz,,0.0,42.0,200.0,1.6409090803434154,17.23022171981533,7.673764772543831
cases/cylinder_re40/results/D_partition/seed_456/metrics.npz,,0.0,456.0,200.0,1.628681153221574,17.16272707298085,7.745112768036451
cases/cylinder_re40/results/D_partition/seed_123/metrics.npz,,0.0,123.0,200.0,1.6453617766275523,17.166749204323466,7.713431505415717
cases/naca0012_re1k/results/width_sweep/w0050/frac_0.1/seed_456/metrics.npz,re1k_aoa5,0.1,456.0,200.0,1.3735439436946584,9.20002577044614,4.034603079175955
cases/naca0012_re1k/results/width_sweep/w0050/frac_0.1/seed_123/metrics.npz,re1k_aoa5,0.1,123.0,200.0,1.3008355941662,8.654403645530943,3.7507580387906287
cases/naca0012_re1k/results/width_sweep/w0050/frac_0.1/seed_42/metrics.npz,re1k_aoa5,0.1,42.0,200.0,1.4631492805035036,9.800404991963752,4.297931372195923
cases/naca0012_re1k/results/width_sweep/quadrant/w0050/frac_0.1/seed_456/metrics.npz,re1k_aoa5,0.1,456.0,200.0,1.3912946075992452,9.67342133886623,4.314526065251209
cases/naca0012_re1k/results/width_sweep/quadrant/w0050/frac_0.1/seed_123/metrics.npz,re1k_aoa5,0.1,123.0,200.0,1.3008355941662,8.654403645530943,3.7507580387906287
cases/naca0012_re1k/results/width_sweep/quadrant/w0050/frac_0.1/seed_42/metrics.npz,re1k_aoa5,0.1,42.0,200.0,1.2580229664284943,8.265273174909124,3.4985882961030903
cases/naca0012_re1k/results/width_sweep/quadrant/w0070/frac_0.1/seed_456/metrics.npz,re1k_aoa5,0.1,456.0,200.0,1.3580700753638677,8.011869422381745,3.8072884958319357
cases/naca0012_re1k/results/width_sweep/quadrant/w0070/frac_0.1/seed_123/metrics.npz,re1k_aoa5,0.1,123.0,200.0,1.354752555910405,8.132491931583218,3.922933422320628
cases/naca0012_re1k/results/width_sweep/quadrant/w0070/frac_0.1/seed_42/metrics.npz,re1k_aoa5,0.1,42.0,200.0,1.3432726760005171,7.893325670690599,3.7062518082148395
cases/naca0012_re1k/results/width_sweep/nearbody/w0050/frac_0.1/seed_42/metrics.npz,re1k_aoa5,0.1,42.0,200.0,1.4631492805035036,9.800404991963752,4.297931372195923
cases/naca0012_re1k/results/width_sweep/nearbody/w0050/frac_0.1/seed_456/metrics.npz,re1k_aoa5,0.1,456.0,200.0,1.3735439436946584,9.20002577044614,4.034603079175955
cases/naca0012_re1k/results/width_sweep/nearbody/w0050/frac_0.1/seed_123/metrics.npz,re1k_aoa5,0.1,123.0,200.0,1.48944362892023,9.918385701110143,4.368896718817656
cases/naca0012_re1k/results/width_sweep/nearbody/w0070/frac_0.1/seed_456/metrics.npz,re1k_aoa5,0.1,456.0,200.0,1.150541773256546,7.760940137263744,3.6346554031255294
cases/naca0012_re1k/results/width_sweep/nearbody/w0070/frac_0.1/seed_123/metrics.npz,re1k_aoa5,0.1,123.0,200.0,1.1935628020084794,8.11705590907893,3.8113005139933973
cases/naca0012_re1k/results/width_sweep/nearbody/w0070/frac_0.1/seed_42/metrics.npz,re1k_aoa5,0.1,42.0,200.0,1.2158721635400052,8.39516351988093,4.074735766935402
cases/naca0012_re1k/results/width_sweep/w0070/frac_0.1/seed_456/metrics.npz,re1k_aoa5,0.1,456.0,200.0,1.150541773256546,7.760940137263744,3.6346554031255294
cases/naca0012_re1k/results/width_sweep/w0070/frac_0.1/seed_123/metrics.npz,re1k_aoa5,0.1,123.0,200.0,1.1935628020084794,8.11705590907893,3.8113005139933973
cases/naca0012_re1k/results/width_sweep/w0070/frac_0.1/seed_42/metrics.npz,re1k_aoa5,0.1,42.0,200.0,1.2158721635400052,8.39516351988093,4.074735766935402
cases/naca0012_re1k/results/A_quadov/frac_0.2/seed_42/metrics.npz,re1k_aoa5,0.2,42.0,200.0,1.1909152983890814,8.685876547257786,3.518144643493496
cases/naca0012_re1k/results/A_quadov/frac_0.2/seed_456/metrics.npz,re1k_aoa5,0.2,456.0,200.0,1.2689774649419763,8.889538218034328,3.6955581652215894
cases/naca0012_re1k/results/A_quadov/frac_0.2/seed_123/metrics.npz,re1k_aoa5,0.2,123.0,200.0,1.3849783436957923,9.836095236232984,4.165454590938573
cases/naca0012_re1k/results/A_quadov/frac_0.0/seed_42/metrics.npz,re1k_aoa5,0.0,42.0,200.0,1.5346398351715898,9.161093088611901,3.828282588732627
cases/naca0012_re1k/results/A_quadov/frac_0.0/seed_456/metrics.npz,re1k_aoa5,0.0,456.0,200.0,1.4754532182715059,8.828581787952059,3.60609162030314
cases/naca0012_re1k/results/A_quadov/frac_0.0/seed_123/metrics.npz,re1k_aoa5,0.0,123.0,200.0,1.603190345808963,9.813283301357206,4.378705789741059
cases/naca0012_re1k/results/A_quadov/frac_0.4/seed_42/metrics.npz,re1k_aoa5,0.4,42.0,200.0,0.9289819259247076,7.010461480901048,2.6469957890311977
cases/naca0012_re1k/results/A_quadov/frac_0.4/seed_456/metrics.npz,re1k_aoa5,0.4,456.0,200.0,0.9554263310870834,7.498881089576487,2.7415480976356443
cases/naca0012_re1k/results/A_quadov/frac_0.4/seed_123/metrics.npz,re1k_aoa5,0.4,123.0,200.0,1.0244293066662895,8.201550552104692,3.088530421716206
cases/naca0012_re1k/results/A_quadov/frac_0.5/seed_42/metrics.npz,re1k_aoa5,0.5,42.0,200.0,1.0791721665316338,7.139210119774401,2.302265977915258
cases/naca0012_re1k/results/A_quadov/frac_0.5/seed_456/metrics.npz,re1k_aoa5,0.5,456.0,200.0,1.0428927046559617,6.889868469135339,2.257071861147476
cases/naca0012_re1k/results/A_quadov/frac_0.5/seed_123/metrics.npz,re1k_aoa5,0.5,123.0,200.0,1.1201724592199203,7.395534085044026,2.5101510005151226
cases/naca0012_re1k/results/A_quadov/frac_0.3/seed_42/metrics.npz,re1k_aoa5,0.3,42.0,200.0,1.4266657929900648,9.18145653219193,3.6390649908858466
cases/naca0012_re1k/results/A_quadov/frac_0.3/seed_456/metrics.npz,re1k_aoa5,0.3,456.0,200.0,1.5777422998091177,9.94595811738692,4.304192548065624
cases/naca0012_re1k/results/A_quadov/frac_0.3/seed_123/metrics.npz,re1k_aoa5,0.3,123.0,200.0,1.5472553022062072,9.963364885550934,4.3223537495148765
cases/naca0012_re1k/results/A_quadov/frac_0.1/seed_42/metrics.npz,re1k_aoa5,0.1,42.0,200.0,1.126314162217148,7.973611208253466,3.61547317239261
cases/naca0012_re1k/results/A_quadov/frac_0.1/seed_456/metrics.npz,re1k_aoa5,0.1,456.0,200.0,1.119867500515254,8.518642492884734,3.9482630393110445
cases/naca0012_re1k/results/A_quadov/frac_0.1/seed_123/metrics.npz,re1k_aoa5,0.1,123.0,200.0,1.2133490492993018,8.464446829853603,3.87847053536515
cases/naca0012_re1k/results/nonoverlap/seed_42/metrics_nonoverlap.npz,re1k_aoa5,0.0,42.0,200.0,0.7262200829381511,5.927591569853807,2.558844169326114
cases/naca0012_re1k/results/nonoverlap/seed_456/metrics_nonoverlap.npz,re1k_aoa5,0.0,456.0,200.0,0.7850656194344531,5.774549310696312,2.392824243005007
cases/naca0012_re1k/results/nonoverlap/seed_123/metrics_nonoverlap.npz,re1k_aoa5,0.0,123.0,200.0,0.7933154321460212,6.069388181277249,2.9567573087124934
cases/naca0012_re1k/results/D_partition/seed_42/metrics.npz,re1k_aoa5,0.0,42.0,200.0,0.5804679026540349,4.244688375681075,1.2384860298915876
cases/naca0012_re1k/results/D_partition/seed_456/metrics.npz,re1k_aoa5,0.0,456.0,200.0,0.5685106453327443,4.186832935743355,1.2327636572463492
cases/naca0012_re1k/results/D_partition/seed_123/metrics.npz,re1k_aoa5,0.0,123.0,200.0,0.6064002899753418,4.344387677008935,1.2776011644103553
cases/fsi1_re20/results/A_quadov/frac_0.2/seed_42/metrics.npz,fsi1,0.2,42.0,200.0,6.462040555676501,18.152289148700902,3.563880247404168
cases/fsi1_re20/results/A_quadov/frac_0.2/seed_456/metrics.npz,fsi1,0.2,456.0,200.0,6.310722439450041,19.432005897991566,3.6494260245578696
cases/fsi1_re20/results/A_quadov/frac_0.2/seed_123/metrics.npz,fsi1,0.2,123.0,200.0,6.438837186027091,18.22886164964222,3.559138382954024
cases/fsi1_re20/results/A_quadov/frac_0.0/seed_42/metrics.npz,fsi1,0.0,42.0,200.0,6.453677600061439,17.898235733596984,3.8323329740703427
cases/fsi1_re20/results/A_quadov/frac_0.0/seed_456/metrics.npz,fsi1,0.0,456.0,200.0,6.376841243041915,18.67217023764193,3.914040404864557
cases/fsi1_re20/results/A_quadov/frac_0.0/seed_123/metrics.npz,fsi1,0.0,123.0,200.0,6.467654715188993,17.801521153728324,3.8046550835539956
cases/fsi1_re20/results/A_quadov/frac_0.4/seed_42/metrics.npz,fsi1,0.4,42.0,200.0,6.615026900200246,18.56758034737436,4.076526134253432
cases/fsi1_re20/results/A_quadov/frac_0.4/seed_456/metrics.npz,fsi1,0.4,456.0,200.0,6.621610504097177,18.450896809206657,4.068430309697576
cases/fsi1_re20/results/A_quadov/frac_0.4/seed_123/metrics.npz,fsi1,0.4,123.0,200.0,6.603860520218842,18.296401774077868,4.008137947219001
cases/fsi1_re20/results/A_quadov/frac_0.5/seed_42/metrics.npz,fsi1,0.5,42.0,200.0,6.442177247405227,18.131366504560482,3.944886210442946
cases/fsi1_re20/results/A_quadov/frac_0.5/seed_456/metrics.npz,fsi1,0.5,456.0,200.0,6.365752453741933,18.394781840632533,4.005730867590627
cases/fsi1_re20/results/A_quadov/frac_0.5/seed_123/metrics.npz,fsi1,0.5,123.0,200.0,6.440371760478558,18.243600713937795,3.9651398425126017
cases/fsi1_re20/results/A_quadov/frac_0.3/seed_42/metrics.npz,fsi1,0.3,42.0,200.0,6.546330931124256,18.75278969798499,3.9530979023646156
cases/fsi1_re20/results/A_quadov/frac_0.3/seed_456/metrics.npz,fsi1,0.3,456.0,200.0,6.378482281940172,19.43471745880371,4.01764148609981
cases/fsi1_re20/results/A_quadov/frac_0.3/seed_123/metrics.npz,fsi1,0.3,123.0,200.0,6.524198738577184,18.68718758710941,3.932760565841035
cases/fsi1_re20/results/A_quadov/frac_0.1/seed_42/metrics.npz,fsi1,0.1,42.0,200.0,6.423400197836523,18.022954778093023,3.7181483813917144
cases/fsi1_re20/results/A_quadov/frac_0.1/seed_456/metrics.npz,fsi1,0.1,456.0,200.0,6.229668719822059,18.78667026034515,3.734300075943051
cases/fsi1_re20/results/A_quadov/frac_0.1/seed_123/metrics.npz,fsi1,0.1,123.0,200.0,6.425462957475195,18.070954970600695,3.614056659062738
cases/fsi1_re20/results/nonoverlap/seed_42/metrics_nonoverlap.npz,fsi1,0.0,42.0,200.0,6.546977588261734,17.156955506071444,3.941341486079761
cases/fsi1_re20/results/nonoverlap/seed_456/metrics_nonoverlap.npz,fsi1,0.0,456.0,200.0,6.600944251293053,15.759349391789982,3.9135875651264675
cases/fsi1_re20/results/nonoverlap/seed_123/metrics_nonoverlap.npz,fsi1,0.0,123.0,200.0,6.718811541927214,20.889052057944372,4.47561189832884
cases/fsi1_re20/results/D_partition/seed_42/metrics.npz,fsi1,0.0,42.0,200.0,5.486724843189829,14.583816822310283,1.8185562603738623
cases/fsi1_re20/results/D_partition/seed_456/metrics.npz,fsi1,0.0,456.0,200.0,5.726976630002343,15.796579571985436,1.8755554939488324
cases/fsi1_re20/results/D_partition/seed_123/metrics.npz,fsi1,0.0,123.0,200.0,5.6270236309347315,15.124674843342847,1.701758926488792
